country,location_name,latitude,longitude,timezone,last_updated_epoch,last_updated,temperature_celsius,temperature_fahrenheit,condition_text,wind_mph,wind_kph,wind_degree,wind_direction,pressure_mb,pressure_in,precip_mm,precip_in,humidity,cloud,feels_like_celsius,feels_like_fahrenheit,visibility_km,visibility_miles,uv_index,gust_mph,gust_kph,air_quality_Carbon_Monoxide,air_quality_Ozone,air_quality_Nitrogen_dioxide,air_quality_Sulphur_dioxide,air_quality_PM2.5,air_quality_PM10,air_quality_us-epa-index,air_quality_gb-defra-index,sunrise,sunset,moonrise,moonset,moon_phase,moon_illumination
Bangladesh,Dhaka,23.72,90.41,Asia/Dhaka,1693301400,8/29/2023 15:30,34,93.2,Cloudy,3.4,5.4,259,W,1000,29.53,0,0,52,70,39.6,103.3,10,6,7,4.7,7.6,827.8,45.8,59,11.1,84.8,95.6,4,10,5:39 AM,6:19 PM,5:18 PM,3:17 AM,Waxing Gibbous,93
Bangladesh,Dhaka,23.72,90.41,Asia/Dhaka,1693363500,8/30/2023 8:45,30.6,87.1,Sunny,2.2,3.6,47,NE,1005,29.68,0,0,61,10,34.4,93.9,10,6,8,2.9,4.7,2510.1,0.9,24,8.7,153.9,186.2,5,10,5:40 AM,6:18 PM,6:04 PM,4:27 AM,Full Moon,98
Bangladesh,Dhaka,23.72,90.41,Asia/Dhaka,1693439100,8/31/2023 5:45,29.6,85.3,Partly cloudy,2.5,4,173,S,1004,29.65,0,0,70,28,34,93.2,10,6,1,4,6.5,761,29,23.3,11.9,82.6,88.2,4,10,5:40 AM,6:18 PM,6:04 PM,4:27 AM,Full Moon,98
Bangladesh,Dhaka,23.72,90.41,Asia/Dhaka,1693525500,9/1/2023 5:45,28.2,82.8,Patchy rain possible,6.9,11.2,193,SSW,1004,29.66,0.1,0,82,80,33.1,91.6,10,6,1,11,17.6,847.8,35.8,13.4,4.6,88.1,97.7,4,10,5:40 AM,6:18 PM,6:45 PM,5:37 AM,Waning Gibbous,100
Bangladesh,Dhaka,23.72,90.41,Asia/Dhaka,1693611000,9/2/2023 5:30,28.6,83.5,Partly cloudy,4.5,7.2,159,SSE,1004,29.64,0,0,80,29,33.7,92.7,10,6,1,6.9,11.2,627.5,29.3,10,2.8,86,92.6,4,10,5:40 AM,6:17 PM,7:24 PM,6:43 AM,Waning Gibbous,99
Bangladesh,Dhaka,23.72,90.41,Asia/Dhaka,1693698300,9/3/2023 5:45,28.8,83.8,Patchy rain possible,4.3,6.8,242,WSW,1001,29.57,0.2,0.01,80,72,34,93.2,9,5,1,7.2,11.5,594.1,23.3,13.5,9.9,45.8,48.6,3,5,5:41 AM,6:16 PM,8:01 PM,7:47 AM,Waning Gibbous,94
Bangladesh,Dhaka,23.72,90.41,Asia/Dhaka,1693783800,9/4/2023 5:30,29.7,85.5,Light rain shower,4.7,7.6,236,WSW,1003,29.6,0.2,0.01,74,53,35.2,95.4,10,6,1,8.1,13,734.3,19.1,24.3,10.9,64.6,70.3,3,8,5:41 AM,6:15 PM,8:38 PM,8:50 AM,Waning Gibbous,88
Bangladesh,Dhaka,23.72,90.41,Asia/Dhaka,1693870200,9/5/2023 5:30,27.4,81.3,Partly cloudy,2.7,4.3,168,SSE,1002,29.6,0,0,82,48,31.4,88.5,10,6,1,4.3,6.8,660.9,9.5,15.3,6,22.9,27.6,2,2,5:41 AM,6:14 PM,9:17 PM,9:52 AM,Waning Gibbous,79
Bangladesh,Dhaka,23.72,90.41,Asia/Dhaka,1693955700,9/6/2023 5:15,28.2,82.8,Patchy rain possible,4.3,6.8,169,S,1003,29.62,0.1,0,83,59,33.2,91.8,10,6,1,6.7,10.8,867.8,3.2,25.7,17.9,38.8,44,2,4,5:42 AM,6:13 PM,9:59 PM,10:53 AM,Waning Gibbous,70
Bangladesh,Dhaka,23.72,90.41,Asia/Dhaka,1694041200,9/7/2023 5:00,26.8,80.2,Overcast,9.8,15.8,113,ESE,1004,29.64,0,0,86,100,30.6,87.1,10,6,1,13.6,22,393.9,7.2,14.6,7.2,10.1,15.6,1,1,5:42 AM,6:12 PM,10:44 PM,11:55 AM,Last Quarter,60
Bangladesh,Dhaka,23.72,90.41,Asia/Dhaka,1694127600,9/8/2023 5:00,26,78.8,Light rain shower,11,17.6,152,SSE,1003,29.63,0.5,0.02,93,100,29.9,85.8,10,6,1,15.9,25.6,327.1,9.7,12.5,7.2,4.7,5.9,1,1,5:42 AM,6:11 PM,11:33 PM,12:54 PM,Waning Crescent,49
Bangladesh,Dhaka,23.72,90.41,Asia/Dhaka,1694213100,9/9/2023 4:45,25.6,78.1,Partly cloudy,5.8,9.4,129,SE,1005,29.69,0,0,93,48,29.1,84.4,10,6,1,9.6,15.5,343.8,64.4,7.6,5.6,19.1,20.4,2,2,5:43 AM,6:10 PM,No moonrise,1:50 PM,Waning Crescent,39
Bangladesh,Dhaka,23.72,90.41,Asia/Dhaka,1694299500,9/10/2023 4:45,26.9,80.4,Partly cloudy,5.8,9.4,215,SW,1003,29.63,0,0,85,35,30.7,87.3,10,6,1,9.4,15.1,447.3,26.8,8.7,2.7,36.6,46.5,2,4,5:43 AM,6:09 PM,12:25 AM,2:42 PM,Waning Crescent,30
Bangladesh,Dhaka,23.72,90.41,Asia/Dhaka,1694385900,9/11/2023 4:45,26.6,79.9,Light rain shower,6.9,11.2,178,S,1001,29.56,1.4,0.06,92,86,30.9,87.6,10,6,1,11.9,19.1,420.6,20.6,10.6,3.6,17.4,23,2,2,5:43 AM,6:08 PM,1:20 AM,3:29 PM,Waning Crescent,22
Bangladesh,Dhaka,23.72,90.41,Asia/Dhaka,1694472300,9/12/2023 4:45,27.2,81,Cloudy,6.3,10.1,156,SSE,1002,29.58,0,0,86,86,31.4,88.5,10,6,1,9.6,15.5,370.5,18.6,12.3,8.1,13,17.9,1,2,5:44 AM,6:07 PM,2:15 AM,4:10 PM,Waning Crescent,14
Bangladesh,Dhaka,23.72,90.41,Asia/Dhaka,1694558700,9/13/2023 4:45,26.7,80.1,Partly cloudy,8.9,14.4,135,SE,1002,29.59,0,0,88,45,30.6,87.1,10,6,1,12.8,20.5,540.7,10.2,16.6,8.2,17.9,25.9,2,2,5:44 AM,6:06 PM,3:10 AM,4:47 PM,Waning Crescent,8
Bangladesh,Dhaka,23.72,90.41,Asia/Dhaka,1694700900,9/14/2023 20:15,27.8,82,Cloudy,12.3,19.8,151,SSE,1005,29.67,0,0,82,67,32.3,90.1,10,6,1,17.7,28.4,514,32.9,18.9,11.1,11.3,15.9,1,1,5:44 AM,6:04 PM,4:54 AM,5:51 PM,New Moon,1
Bangladesh,Dhaka,23.72,90.41,Asia/Dhaka,1694730600,9/15/2023 4:30,25.9,78.6,Partly cloudy,10.7,17.3,116,ESE,1005,29.67,0,0,91,62,29.4,84.9,10,6,1,15.9,25.6,403.9,8.6,16.1,8.7,11.3,15.9,1,1,5:44 AM,6:04 PM,4:54 AM,5:51 PM,New Moon,1
Bangladesh,Dhaka,23.72,90.41,Asia/Dhaka,1694817000,9/16/2023 4:30,26.5,79.7,Thundery outbreaks possible,5.6,9,152,SSE,1006,29.7,0,0,89,26,30.5,86.9,9,5,1,8.7,14,367.2,21.8,10.1,6.1,12.8,16.4,1,2,5:45 AM,6:03 PM,5:45 AM,6:21 PM,Waxing Crescent,0
Bangladesh,Dhaka,23.72,90.41,Asia/Dhaka,1694903400,9/17/2023 4:30,27.3,81.1,Patchy rain possible,4.9,7.9,184,S,1004,29.65,0.1,0,84,80,31.4,88.5,10,6,1,8.1,13,1148.2,0.2,18.5,4.3,58.7,72.4,3,7,5:45 AM,6:02 PM,6:35 AM,6:50 PM,Waxing Crescent,1
Bangladesh,Dhaka,23.72,90.41,Asia/Dhaka,1694989800,9/18/2023 4:30,26.8,80.2,Patchy rain possible,8.1,13,127,SE,1003,29.61,0.04,0,86,80,30.5,86.9,10,6,1,12.5,20.2,654.2,27.9,24.7,17.6,47.1,51.6,3,5,5:45 AM,6:01 PM,7:26 AM,7:20 PM,Waxing Crescent,3
Bangladesh,Dhaka,23.72,90.41,Asia/Dhaka,1695076200,9/19/2023 4:30,24.8,76.7,Moderate rain,10.5,16.9,124,SE,1004,29.66,4.7,0.19,93,78,27.7,81.9,7,4,1,15.4,24.8,347.1,15.2,12.7,9.2,6.8,9,1,1,5:46 AM,6:00 PM,8:18 AM,7:52 PM,Waxing Crescent,8
Bangladesh,Dhaka,23.72,90.41,Asia/Dhaka,1695161700,9/20/2023 4:15,25.2,77.3,Partly cloudy,8.9,14.4,98,E,1006,29.7,0,0,93,55,28.3,83,10,6,1,14,22.5,467.3,8.1,18.2,9.8,12.6,14.3,1,2,5:46 AM,5:59 PM,9:13 AM,8:27 PM,Waxing Crescent,14
Bangladesh,Dhaka,23.72,90.41,Asia/Dhaka,1695248100,9/21/2023 4:15,25.4,77.7,Patchy light rain,7.4,11.9,130,SE,1006,29.7,1.55,0.06,95,51,28.9,83.9,9,5,1,12.6,20.3,407.2,13.8,13.9,8.7,9.6,11.7,1,1,5:46 AM,5:57 PM,10:10 AM,9:08 PM,Waxing Crescent,22
Bangladesh,Dhaka,23.72,90.41,Asia/Dhaka,1695335400,9/22/2023 4:30,25.9,78.7,Patchy light rain,8.5,13.7,144,SE,1007,29.73,0.85,0.03,92,71,29.6,85.3,9,5,1,13.7,22,347.1,22.2,10.7,7.8,5.6,7.8,1,1,5:47 AM,5:56 PM,11:11 AM,9:55 PM,Waxing Crescent,31
Bangladesh,Dhaka,23.72,90.41,Asia/Dhaka,1695420000,9/23/2023 4:00,26,78.8,Patchy rain possible,7.8,12.6,141,SE,1006,29.71,0.23,0.01,92,78,29.7,85.5,9,5,1,13.3,21.4,330.5,27.5,8.3,5.7,8.5,10.4,1,1,5:47 AM,5:55 PM,12:13 PM,10:49 PM,First Quarter,41
Bangladesh,Dhaka,23.72,90.41,Asia/Dhaka,1695507300,9/24/2023 4:15,26,78.9,Partly cloudy,5.8,9.4,165,SSE,1006,29.71,0,0,91,31,29.7,85.5,10,6,1,9.4,15.2,413.9,23.3,8.7,5,11.5,15.2,1,1,5:47 AM,5:54 PM,1:15 PM,11:51 PM,Waxing Gibbous,52
Bangladesh,Dhaka,23.72,90.41,Asia/Dhaka,1695592800,9/25/2023 4:00,25.9,78.7,Moderate or heavy rain shower,6,9.7,190,S,1005,29.67,4.09,0.16,93,81,29.8,85.6,7,4,1,10.3,16.6,527.4,9.4,12.9,4.7,15.7,22.5,2,2,5:48 AM,5:53 PM,2:13 PM,No moonset,Waxing Gibbous,63
Bangladesh,Dhaka,23.72,90.41,Asia/Dhaka,1695679200,9/26/2023 4:00,26.1,79,Patchy rain possible,5.6,9,193,SSW,1005,29.69,0.02,0,92,89,30,86,10,6,1,10.6,17,847.8,3.2,20.9,8.5,32.5,41,2,3,5:48 AM,5:52 PM,3:06 PM,12:57 AM,Waxing Gibbous,74
Bangladesh,Dhaka,23.72,90.41,Asia/Dhaka,1695765600,9/27/2023 4:00,27.2,81,Patchy rain possible,5.6,9,255,WSW,1005,29.69,0.04,0,85,86,31.4,88.5,10,6,1,9.5,15.3,881.2,5.5,15.9,3.7,37.8,51,2,4,5:48 AM,5:51 PM,3:54 PM,2:06 AM,Waxing Gibbous,84
Bangladesh,Dhaka,23.72,90.41,Asia/Dhaka,1695852000,9/28/2023 4:00,28,82.4,Clear,3.4,5.4,344,NNW,1004,29.66,0,0,72,21,31.3,88.3,10,6,1,6,9.6,2002.7,0,19.5,3.7,184.2,231.9,5,10,5:49 AM,5:50 PM,4:36 PM,3:14 AM,Waxing Gibbous,91
Bangladesh,Dhaka,23.72,90.41,Asia/Dhaka,1695940200,9/29/2023 4:30,28.5,83.2,Patchy rain possible,4.9,7.9,333,NNW,1002,29.6,0.41,0.02,82,81,33.7,92.6,9,5,1,8.5,13.8,761,47.2,9.3,2.2,68.6,80.2,4,9,5:49 AM,5:49 PM,5:16 PM,4:20 AM,Waxing Gibbous,97
Bangladesh,Dhaka,23.72,90.41,Asia/Dhaka,1696023900,9/30/2023 3:45,27,80.6,Patchy rain possible,10.5,16.9,177,S,1004,29.64,0.1,0,84,77,30.8,87.4,10,6,1,15.2,24.5,1321.8,10.4,29.5,7.4,73.5,84.7,4,10,5:49 AM,5:48 PM,5:54 PM,5:26 AM,Full Moon,100
Bangladesh,Dhaka,23.72,90.41,Asia/Dhaka,1696112100,10/1/2023 4:15,26.3,79.3,Cloudy,10.7,17.3,123,ESE,1003,29.62,0,0,88,73,29.9,85.7,10,6,1,15.7,25.2,393.9,37.9,9.2,5.9,16.5,19.1,2,2,5:50 AM,5:47 PM,6:30 PM,6:29 AM,Waning Gibbous,99
Bangladesh,Dhaka,23.72,90.41,Asia/Dhaka,1696195800,10/2/2023 3:30,26.5,79.8,Partly cloudy,4.9,7.9,143,SE,1004,29.64,0,0,88,29,30.4,86.7,10,6,1,7.7,12.4,377.2,34.7,10.7,7.6,7.1,10.4,1,1,5:50 AM,5:46 PM,7:09 PM,7:33 AM,Waning Gibbous,96
Bangladesh,Dhaka,23.72,90.41,Asia/Dhaka,1696284000,10/3/2023 4:00,25.8,78.5,Patchy rain possible,8.1,13,121,ESE,1006,29.7,0.04,0,89,85,29.2,84.5,10,6,1,12.1,19.5,367.2,17.4,11.1,7,6,8.3,1,1,5:50 AM,5:45 PM,7:51 PM,8:36 AM,Waning Gibbous,91
Bangladesh,Dhaka,23.72,90.41,Asia/Dhaka,1696368600,10/4/2023 3:30,26.1,78.9,Patchy rain possible,9.2,14.8,124,SE,1006,29.72,0.02,0,86,88,29.3,84.7,10,6,1,14.8,23.8,310.4,19,9.5,7,4,5.8,1,1,5:51 AM,5:44 PM,8:35 PM,9:40 AM,Waning Gibbous,84
Bangladesh,Dhaka,23.72,90.41,Asia/Dhaka,1696454100,10/5/2023 3:15,25.6,78.1,Light rain shower,11.4,18.4,136,SE,1004,29.66,1.18,0.05,94,67,29.2,84.6,10,6,1,18.5,29.7,373.8,18.6,10.4,7.6,5.3,6.6,1,1,5:51 AM,5:43 PM,9:24 PM,10:41 AM,Waning Gibbous,75
Bangladesh,Dhaka,23.72,90.41,Asia/Dhaka,1696540500,10/6/2023 3:15,26.1,79,Light rain shower,9.6,15.5,169,S,1004,29.64,1.07,0.04,91,78,29.9,85.8,10,6,1,17.6,28.3,360.5,45.1,7.1,4.6,23,24.4,2,2,5:52 AM,5:42 PM,10:17 PM,11:41 AM,Waning Gibbous,65
Bangladesh,Dhaka,23.72,90.41,Asia/Dhaka,1696626000,10/7/2023 3:00,25.1,77.2,Mist,6,9.7,189,S,1005,29.67,0.12,0,95,100,28.4,83.1,2,1,1,9.8,15.8,567.4,65.1,6.3,4.2,69.1,70.6,4,9,5:52 AM,5:41 PM,11:12 PM,12:36 PM,Last Quarter,56
Bangladesh,Dhaka,23.72,90.41,Asia/Dhaka,1696712400,10/8/2023 3:00,24.8,76.7,Moderate or heavy rain shower,5.6,9,212,SSW,1006,29.7,3.05,0.12,95,70,27.9,82.2,7,4,1,10.2,16.4,614.2,42.9,11,6,97,102.4,4,10,5:52 AM,5:40 PM,No moonrise,1:25 PM,Waning Crescent,46
Bangladesh,Dhaka,23.72,90.41,Asia/Dhaka,1696798800,10/9/2023 3:00,25.4,77.8,Patchy rain possible,5.6,9,202,SSW,1008,29.75,0.46,0.02,91,79,28.6,83.5,9,5,1,10.5,16.9,1121.5,17.7,15.3,3.4,97.6,108.7,4,10,5:53 AM,5:40 PM,12:07 AM,2:08 PM,Waning Crescent,36
Bangladesh,Dhaka,23.72,90.41,Asia/Dhaka,1696885200,10/10/2023 3:00,26,78.8,Clear,2.5,4,199,SSW,1009,29.78,0,0,86,7,29.1,84.3,10,6,1,4.6,7.5,1295.1,7.4,23.7,5.8,118.1,130.2,4,10,5:53 AM,5:39 PM,1:03 AM,2:47 PM,Waning Crescent,28
Bangladesh,Dhaka,23.72,90.41,Asia/Dhaka,1696972500,10/11/2023 3:15,27.2,81,Partly cloudy,4,6.5,154,SSE,1008,29.78,0,0,72,31,29.7,85.5,10,6,1,7.1,11.4,1949.3,25.8,31.9,5.5,219.9,249.9,5,10,5:53 AM,5:38 PM,1:56 AM,3:22 PM,Waning Crescent,20
Bangladesh,Dhaka,23.72,90.41,Asia/Dhaka,1697058000,10/12/2023 3:00,26.5,79.8,Clear,2.5,4,203,SSW,1010,29.82,0,0,79,22,29.3,84.8,10,6,1,4.5,7.2,1148.2,22.4,15.1,3.6,205.4,228.8,5,10,5:54 AM,5:37 PM,2:48 AM,3:53 PM,Waning Crescent,13
Bangladesh,Dhaka,23.72,90.41,Asia/Dhaka,1697143500,10/13/2023 2:45,26.4,79.5,Clear,4.3,6.8,210,SSW,1011,29.85,0,0,76,25,28.8,83.8,10,6,1,7.4,12,4165.7,4.1,96,11.2,397.3,444.5,6,10,5:54 AM,5:36 PM,3:40 AM,4:23 PM,Waning Crescent,7
Bangladesh,Dhaka,23.72,90.41,Asia/Dhaka,1697230800,10/14/2023 3:00,25.3,77.6,Clear,2.5,4,87,E,1011,29.84,0,0,64,3,26.7,80,10,6,1,5,8,5500.8,0,65.8,13.6,418.5,477.9,6,10,5:55 AM,5:35 PM,4:30 AM,4:52 PM,Waning Crescent,3
Bangladesh,Dhaka,23.72,90.41,Asia/Dhaka,1697317200,10/15/2023 3:00,25,77,Clear,3.8,6.1,93,E,1009,29.81,0,0,69,3,26.6,79.8,10,6,1,7.2,11.6,3097.5,0.1,37,3.9,319.2,365.2,6,10,5:55 AM,5:34 PM,5:21 AM,5:22 PM,New Moon,1
Bangladesh,Dhaka,23.72,90.41,Asia/Dhaka,1697403600,10/16/2023 3:00,24.9,76.8,Clear,4.5,7.2,59,ENE,1010,29.83,0,0,71,6,26.5,79.7,10,6,1,8.3,13.3,3845.2,0,78.8,8,384.6,437.2,6,10,5:56 AM,5:33 PM,6:13 AM,5:54 PM,Waxing Crescent,0
Bangladesh,Dhaka,23.72,90.41,Asia/Dhaka,1697489100,10/17/2023 2:45,24.6,76.3,Clear,4.7,7.6,10,N,1010,29.83,0,0,73,3,26.3,79.4,10,6,1,8.7,13.9,3524.8,0,60.3,7.4,417.9,488.4,6,10,5:56 AM,5:32 PM,7:07 AM,6:28 PM,Waxing Crescent,2
Bangladesh,Dhaka,23.72,90.41,Asia/Dhaka,1697575500,10/18/2023 2:45,25,77.1,Clear,4.5,7.2,10,N,1011,29.86,0,0,69,5,26.6,79.9,10,6,1,8.1,13,2483.4,0,35,3.9,275,332.4,6,10,5:56 AM,5:31 PM,8:05 AM,7:08 PM,Waxing Crescent,5
Bangladesh,Dhaka,23.72,90.41,Asia/Dhaka,1697661900,10/19/2023 2:45,24.5,76.1,Clear,5.8,9.4,7,N,1012,29.87,0,0,73,2,26.2,79.2,10,6,1,10.7,17.2,1628.9,4.1,26.7,2.9,135.4,169,4,10,5:57 AM,5:30 PM,9:05 AM,7:53 PM,Waxing Crescent,11
Bangladesh,Dhaka,23.72,90.41,Asia/Dhaka,1697748300,10/20/2023 2:45,23.8,74.9,Clear,6.9,11.2,341,NNW,1012,29.89,0,0,74,0,25.6,78.1,10,6,1,13.1,21.1,1241.7,32.2,18,2.5,153.5,175.5,5,10,5:57 AM,5:30 PM,10:07 AM,8:44 PM,Waxing Crescent,18
Bangladesh,Dhaka,23.72,90.41,Asia/Dhaka,1697833800,10/21/2023 2:30,23.3,73.9,Clear,7.2,11.5,353,N,1012,29.89,0,0,80,0,25.3,77.5,10,6,1,13.4,21.6,821.1,43.3,11.5,1.7,73,84.8,4,10,5:58 AM,5:29 PM,11:09 AM,9:43 PM,Waxing Crescent,27
Bangladesh,Dhaka,23.72,90.41,Asia/Dhaka,1697921100,10/22/2023 2:45,23.8,74.8,Clear,6.3,10.1,349,N,1013,29.9,0,0,68,3,25.5,77.8,10,6,1,11.9,19.1,821.1,31.5,14.6,2,66.9,82.1,4,9,5:58 AM,5:28 PM,12:07 PM,10:47 PM,Waxing Crescent,37
Bangladesh,Dhaka,23.72,90.41,Asia/Dhaka,1698006600,10/23/2023 2:30,26.1,79.1,Partly cloudy,2.2,3.6,356,N,1012,29.89,0,0,64,46,27.6,81.7,10,6,1,2.9,4.6,1668.9,0,25.7,3.4,116.2,161.4,4,10,5:59 AM,5:27 PM,1:01 PM,11:53 PM,First Quarter,48
Bangladesh,Dhaka,23.72,90.41,Asia/Dhaka,1698093900,10/24/2023 2:45,23.4,74,Patchy rain possible,8.3,13.3,118,ESE,1011,29.86,0.02,0,88,86,25.5,77.9,10,6,1,12.3,19.8,1228.3,27.9,20.9,4.8,126.3,151.7,4,10,5:59 AM,5:26 PM,1:49 PM,No moonset,Waxing Gibbous,60
Bangladesh,Dhaka,23.72,90.41,Asia/Dhaka,1698180300,10/25/2023 2:45,23.4,74.2,Clear,8.5,13.7,351,N,1009,29.79,0,0,80,13,25.4,77.8,10,6,1,15.2,24.5,734.3,6.9,19.5,4.8,26.4,37.6,2,3,6:00 AM,5:26 PM,2:31 PM,12:59 AM,Waxing Gibbous,71
Bangladesh,Dhaka,23.72,90.41,Asia/Dhaka,1698265800,10/26/2023 2:30,24.3,75.8,Patchy rain possible,5.4,8.6,168,SSE,1012,29.87,0.04,0,81,86,26.3,79.4,10,6,1,8.8,14.1,2643.6,0,26.7,4.3,131.2,164.3,4,10,6:00 AM,5:25 PM,3:11 PM,2:04 AM,Waxing Gibbous,81
Bangladesh,Dhaka,23.72,90.41,Asia/Dhaka,1698353100,10/27/2023 2:45,25.7,78.3,Partly cloudy,6.3,10.1,24,NNE,1011,29.87,0,0,70,47,27.4,81.4,10,6,1,10.2,16.4,5714.4,0,36.7,5,361.1,416.9,6,10,6:01 AM,5:24 PM,3:48 PM,3:07 AM,Waxing Gibbous,89
Bangladesh,Dhaka,23.72,90.41,Asia/Dhaka,1698438600,10/28/2023 2:30,23.3,73.9,Clear,6.5,10.4,5,N,1012,29.87,0,0,61,6,25.1,77.1,10,6,1,13.1,21,2056.1,0,29.5,3,213.4,262.1,5,10,6:01 AM,5:23 PM,4:24 PM,4:09 AM,Waxing Gibbous,95
Bangladesh,Dhaka,23.72,90.41,Asia/Dhaka,1698526800,10/29/2023 3:00,22.4,72.4,Clear,5.4,8.6,356,N,1011,29.86,0,0,63,0,24.7,76.5,10,6,1,11.2,18,974.7,19.1,17.3,2.6,146.9,167.6,4,10,6:02 AM,5:23 PM,5:01 PM,5:12 AM,Full Moon,99
Bangladesh,Dhaka,23.72,90.41,Asia/Dhaka,1698610500,10/30/2023 2:15,22.8,73.1,Clear,4.5,7.2,1,N,1012,29.87,0,0,70,0,24.9,76.8,10,6,1,8.4,13.5,1228.3,35.4,19.7,3,209.9,232.4,5,10,6:02 AM,5:22 PM,5:41 PM,6:15 AM,Waning Gibbous,100
Bangladesh,Dhaka,23.72,90.41,Asia/Dhaka,1698784200,11/1/2023 2:30,24.4,75.9,Clear,5.1,8.3,7,N,1013,29.92,0,0,65,15,25.9,78.6,10,6,1,9.7,15.6,1161.6,23.3,21.6,4,114.8,153.1,4,10,6:03 AM,5:21 PM,7:12 PM,8:23 AM,Waning Gibbous,94
Bangladesh,Dhaka,23.72,90.41,Asia/Dhaka,1698869700,11/2/2023 2:15,25,77,Clear,5.1,8.3,358,N,1013,29.9,0,0,67,0,26.5,79.7,10,6,1,9.7,15.6,1121.5,10.8,22.3,3.5,84.7,119.5,4,10,6:04 AM,5:20 PM,8:04 PM,9:26 AM,Waning Gibbous,88
Bangladesh,Dhaka,23.72,90.41,Asia/Dhaka,1698957000,11/3/2023 2:30,24.8,76.7,Clear,4,6.5,8,N,1011,29.86,0,0,64,6,26.2,79.1,10,6,1,7.6,12.2,1215,11.6,25,5.2,128.1,166.7,4,10,6:04 AM,5:19 PM,9:00 PM,10:24 AM,Waning Gibbous,81
Bangladesh,Dhaka,23.72,90.41,Asia/Dhaka,1699041600,11/4/2023 2:00,24.3,75.7,Clear,4.3,6.8,26,NNE,1010,29.82,0,0,65,4,25.8,78.4,10,6,1,8,12.9,1188.3,5.5,25.4,3,103.3,135.8,4,10,6:05 AM,5:19 PM,9:57 PM,11:17 AM,Waning Gibbous,72
Bangladesh,Dhaka,23.72,90.41,Asia/Dhaka,1699128000,11/5/2023 2:00,24.5,76.1,Clear,4.5,7.2,44,NE,1012,29.87,0,0,63,18,25.9,78.6,10,6,1,8.2,13.1,1401.9,25.4,21.3,3.4,164,192.9,5,10,6:06 AM,5:18 PM,10:53 PM,12:04 PM,Waning Gibbous,63
Bangladesh,Dhaka,23.72,90.41,Asia/Dhaka,1699214400,11/6/2023 2:00,23.1,73.6,Clear,6.9,11.2,11,NNE,1013,29.92,0,0,61,0,25,77,10,6,1,13.4,21.6,827.8,40.4,14.7,2.2,100.8,114.5,4,10,6:06 AM,5:18 PM,11:48 PM,12:44 PM,Last Quarter,53
Bangladesh,Dhaka,23.72,90.41,Asia/Dhaka,1699300800,11/7/2023 2:00,22.2,72,Clear,6,9.7,334,NNW,1012,29.89,0,0,71,0,24.6,76.3,10,6,1,11.7,18.8,701,45.8,14.1,2.4,57.3,70.9,3,7,6:07 AM,5:17 PM,No moonrise,1:21 PM,Waning Crescent,44
Bangladesh,Dhaka,23.72,90.41,Asia/Dhaka,1699387200,11/8/2023 2:00,22.4,72.3,Clear,5.8,9.4,348,NNW,1012,29.87,0,0,66,4,24.7,76.5,10,6,1,11,17.7,821.1,62.9,13.2,4.5,110.8,129,4,10,6:07 AM,5:17 PM,12:40 AM,1:53 PM,Waning Crescent,35
Bangladesh,Dhaka,23.72,90.41,Asia/Dhaka,1699472700,11/9/2023 1:45,22.6,72.7,Clear,6,9.7,358,N,1012,29.89,0,0,61,0,24.8,76.6,10,6,1,11.7,18.8,1295.1,10.4,29.5,3.9,120.2,157.1,4,10,6:08 AM,5:16 PM,1:32 AM,2:23 PM,Waning Crescent,26
Bangladesh,Dhaka,23.72,90.41,Asia/Dhaka,1699560000,11/10/2023 2:00,22.2,71.9,Clear,5.4,8.6,354,N,1013,29.92,0,0,61,0,24.6,76.3,10,6,1,10.8,17.4,1041.4,47.2,18.7,4.1,158,181.9,5,10,6:09 AM,5:16 PM,2:22 AM,2:53 PM,Waning Crescent,18
Bangladesh,Dhaka,23.72,90.41,Asia/Dhaka,1699645500,11/11/2023 1:45,22.2,71.9,Clear,6.3,10.1,346,NNW,1014,29.94,0,0,61,12,24.6,76.3,10,6,1,12.6,20.3,1188.3,18.8,26.7,3.5,134.9,166.5,4,10,6:09 AM,5:15 PM,3:13 AM,3:22 PM,Waning Crescent,11
Bangladesh,Dhaka,23.72,90.41,Asia/Dhaka,1700001000,11/15/2023 4:30,22.8,73,Clear,6,9.7,16,NNE,1014,29.94,0,0,59,10,24.8,76.6,10,6,1,11.1,17.8,921.3,23.6,22.3,3,74.5,93.5,4,10,6:12 AM,5:14 PM,6:55 AM,5:49 PM,Waxing Crescent,0
Bangladesh,Dhaka,23.72,90.41,Asia/Dhaka,1700078400,11/16/2023 2:00,24.3,75.8,Partly cloudy,5.1,8.3,37,NE,1014,29.95,0,0,47,31,25.3,77.5,10,6,1,9.6,15.5,867.8,44,20.1,3,74.2,92.4,4,10,6:12 AM,5:13 PM,7:58 AM,6:39 PM,Waxing Crescent,3
Bangladesh,Dhaka,23.72,90.41,Asia/Dhaka,1700163900,11/17/2023 1:45,22.3,72.2,Patchy rain possible,8.5,13.7,90,E,1015,29.97,0.1,0,87,64,24.7,76.5,10,6,1,12.4,20,734.3,26.1,22.3,7.6,48.2,58.6,3,6,6:13 AM,5:13 PM,9:02 AM,7:37 PM,Waxing Crescent,8
Bangladesh,Dhaka,23.72,90.41,Asia/Dhaka,1700250300,11/18/2023 1:45,21.3,70.4,Partly cloudy,4.9,7.9,2,N,1013,29.92,0,0,88,43,21.3,70.4,10,6,1,7.5,12.1,580.8,10.7,18,4.4,18.4,28.2,2,2,6:14 AM,5:13 PM,10:02 AM,8:40 PM,Waxing Crescent,15
Bangladesh,Dhaka,23.72,90.41,Asia/Dhaka,1700336700,11/19/2023 1:45,25.3,77.5,Cloudy,4.3,6.8,44,NE,1015,29.98,0,0,63,73,26.6,79.9,10,6,1,7.4,11.8,427.3,16.1,11.5,5.9,8,9.7,1,1,6:14 AM,5:12 PM,10:58 AM,9:46 PM,Waxing Crescent,24
Bangladesh,Dhaka,23.72,90.41,Asia/Dhaka,1700423100,11/20/2023 1:45,23.5,74.3,Clear,3.4,5.4,8,N,1014,29.94,0,0,71,0,25.3,77.6,10,6,1,6.4,10.3,2349.9,0,47.3,7.5,122.1,171.5,4,10,6:15 AM,5:12 PM,11:48 AM,10:52 PM,Waxing Crescent,34
Bangladesh,Dhaka,23.72,90.41,Asia/Dhaka,1700509500,11/21/2023 1:45,24,75.1,Clear,3.4,5.4,326,NNW,1014,29.93,0,0,64,0,25.5,77.9,10,6,1,6.3,10.1,1588.8,0.2,31.2,5.9,88.1,143.9,4,10,6:16 AM,5:12 PM,12:31 PM,11:56 PM,First Quarter,45
Bangladesh,Dhaka,23.72,90.41,Asia/Dhaka,1700594100,11/22/2023 1:15,22.7,72.8,Clear,5.4,8.6,4,N,1012,29.9,0,0,64,0,24.8,76.7,10,6,1,10.1,16.2,1094.8,9.5,22.3,3,65,93.6,3,9,6:16 AM,5:12 PM,1:10 PM,No moonset,Waxing Gibbous,56
Bangladesh,Dhaka,23.72,90.41,Asia/Dhaka,1700681400,11/23/2023 1:30,20.9,69.6,Clear,6.5,10.4,348,NNW,1013,29.91,0,0,53,0,20.9,69.6,10,6,1,13.1,21.1,1241.7,19.7,25.4,3.8,182.9,215,5,10,6:17 AM,5:11 PM,1:46 PM,12:58 AM,Waxing Gibbous,67
Bangladesh,Dhaka,23.72,90.41,Asia/Dhaka,1700768700,11/24/2023 1:45,21.6,71,Clear,5.6,9,343,NNW,1012,29.89,0,0,65,0,21.7,71,10,6,1,10.8,17.4,2002.7,0,33.9,5.8,209.2,273.7,5,10,6:18 AM,5:11 PM,2:21 PM,1:58 AM,Waxing Gibbous,78
Bangladesh,Dhaka,23.72,90.41,Asia/Dhaka,1700853300,11/25/2023 1:15,21.9,71.5,Clear,2.9,4.7,37,NE,1013,29.92,0,0,60,0,21.9,71.5,10,6,1,5.8,9.4,4325.9,0.2,112.4,13.5,369.8,413.7,6,10,6:18 AM,5:11 PM,2:57 PM,2:58 AM,Waxing Gibbous,86
Bangladesh,Dhaka,23.72,90.41,Asia/Dhaka,1700941500,11/26/2023 1:45,21.2,70.1,Clear,4.9,7.9,21,NNE,1015,29.97,0,0,56,0,21.2,70.1,10,6,1,9.9,15.9,921.3,5.8,25.4,2,59.5,79.8,3,8,6:19 AM,5:11 PM,3:35 PM,3:59 AM,Waxing Gibbous,93
Bangladesh,Dhaka,23.72,90.41,Asia/Dhaka,1701027000,11/27/2023 1:30,21.9,71.5,Clear,3.1,5,47,NE,1014,29.95,0,0,63,1,21.9,71.5,10,6,1,6.4,10.3,1268.4,0.4,30.9,4.1,74.8,108.4,4,10,6:20 AM,5:11 PM,4:15 PM,5:02 AM,Waxing Gibbous,98
Bangladesh,Dhaka,23.72,90.41,Asia/Dhaka,1701113400,11/28/2023 1:30,23.3,73.9,Overcast,4.9,7.9,49,NE,1013,29.9,0,0,59,100,25,77.1,10,6,1,9.3,15,1869.2,0.1,47.3,7.1,135,184.9,4,10,6:20 AM,5:11 PM,5:01 PM,6:05 AM,Full Moon,100
Bangladesh,Dhaka,23.72,90.41,Asia/Dhaka,1701200700,11/29/2023 1:45,23.8,74.8,Clear,2.2,3.6,132,SE,1012,29.89,0,0,61,12,25.3,77.6,10,6,1,3.8,6.2,3685,0,42.2,6.7,199.7,263.1,5,10,6:21 AM,5:11 PM,5:52 PM,7:09 AM,Waning Gibbous,99
Bangladesh,Dhaka,23.72,90.41,Asia/Dhaka,1701286200,11/30/2023 1:30,23.4,74,Clear,2.2,3.6,353,N,1014,29.93,0,0,65,3,25.2,77.3,10,6,1,3,4.8,1388.6,17,28.8,3.7,157.9,202.3,5,10,6:22 AM,5:11 PM,6:46 PM,8:09 AM,Waning Gibbous,97
Bangladesh,Dhaka,23.72,90.41,Asia/Dhaka,1701370800,12/1/2023 1:00,22.7,72.8,Clear,5.8,9.4,341,NNW,1014,29.93,0,0,58,0,24.8,76.6,10,6,1,11.4,18.3,1148.2,19,25,2.7,117.7,143.8,4,10,6:23 AM,5:11 PM,7:44 PM,9:06 AM,Waning Gibbous,92
Bangladesh,Dhaka,23.72,90.41,Asia/Dhaka,1701458100,12/2/2023 1:15,22.2,71.9,Clear,5.4,8.6,4,N,1013,29.91,0,0,66,3,24.6,76.4,10,6,1,10.5,16.9,1054.8,25.8,23.3,2.9,82.1,110.1,4,10,6:23 AM,5:11 PM,8:41 PM,9:56 AM,Waning Gibbous,86
Bangladesh,Dhaka,23.72,90.41,Asia/Dhaka,1701635400,12/4/2023 2:30,22,71.6,Clear,7.4,11.9,357,N,1013,29.91,0,0,51,3,24.5,76,10,6,1,15.3,24.6,1108.2,3,26.7,2.6,93.5,120.9,4,10,6:25 AM,5:11 PM,10:31 PM,11:18 AM,Waning Gibbous,71
Bangladesh,Dhaka,23.72,90.41,Asia/Dhaka,1701805500,12/6/2023 1:45,22.6,72.7,Partly cloudy,4.3,6.8,346,NNW,1014,29.94,0,0,54,43,24.7,76.4,10,6,1,7.4,11.9,1161.6,31.8,26.4,3,111.8,132.5,4,10,6:26 AM,5:11 PM,No moonrise,12:23 PM,Last Quarter,52
Bangladesh,Dhaka,23.72,90.41,Asia/Dhaka,1701891900,12/7/2023 1:45,22.2,71.9,Patchy rain possible,4.3,6.8,342,NNW,1014,29.95,0.02,0,68,50,24.6,76.3,10,6,1,6.9,11.1,1121.5,29.7,15.9,2.2,149.5,158.7,4,10,6:27 AM,5:11 PM,12:13 AM,12:52 PM,Waning Crescent,43
Bangladesh,Dhaka,23.72,90.41,Asia/Dhaka,1701977400,12/8/2023 1:30,19.3,66.7,Patchy rain possible,5.4,8.6,1,N,1013,29.91,0.1,0,92,100,19.3,66.7,10,6,1,7.6,12.2,574.1,37.9,12.5,6.9,20.5,23.5,2,2,6:27 AM,5:12 PM,1:03 AM,1:21 PM,Waning Crescent,34
Bangladesh,Dhaka,23.72,90.41,Asia/Dhaka,1702062000,12/9/2023 1:00,20.7,69.2,Clear,4,6.5,305,NW,1012,29.9,0,0,80,17,20.7,69.2,10,6,1,7.2,11.7,1842.5,0.1,25,3.1,107.3,149.7,4,10,6:28 AM,5:12 PM,1:54 AM,1:51 PM,Waning Crescent,25
Bangladesh,Dhaka,23.72,90.41,Asia/Dhaka,1702150200,12/10/2023 1:30,20.2,68.4,Clear,6,9.7,312,NW,1012,29.89,0,0,63,4,20.2,68.4,10,6,1,11.8,19,1174.9,1.3,19.9,2.2,99.4,129.7,4,10,6:29 AM,5:12 PM,2:46 AM,2:23 PM,Waning Crescent,17
Bangladesh,Dhaka,23.72,90.41,Asia/Dhaka,1702235700,12/11/2023 1:15,19,66.2,Clear,6.5,10.4,342,NNW,1013,29.91,0,0,55,0,19,66.2,10,6,1,13.2,21.2,1054.8,16.5,22.6,3.5,107.4,137.3,4,10,6:29 AM,5:12 PM,3:41 AM,2:59 PM,Waning Crescent,10
Bangladesh,Dhaka,23.72,90.41,Asia/Dhaka,1702323000,12/12/2023 1:30,18.7,65.7,Clear,6.3,10.1,325,NW,1013,29.9,0,0,62,0,18.7,65.6,10,6,1,12.1,19.5,1041.4,53.6,16.1,4.4,179.3,200.8,5,10,6:30 AM,5:13 PM,4:40 AM,3:41 PM,Waning Crescent,5
Bangladesh,Dhaka,23.72,90.41,Asia/Dhaka,1702408500,12/13/2023 1:15,19.3,66.8,Clear,4.9,7.9,303,WNW,1013,29.91,0,0,63,0,19.3,66.8,10,6,1,9.2,14.8,1148.2,23.3,21.8,3.3,132,160.9,4,10,6:31 AM,5:13 PM,5:43 AM,4:29 PM,New Moon,1
Bangladesh,Dhaka,23.72,90.41,Asia/Dhaka,1702494900,12/14/2023 1:15,18.9,66.1,Clear,4.3,6.8,293,WNW,1015,29.97,0,0,47,0,18.9,66.1,10,6,1,8.9,14.4,1468.7,3.2,32.6,4.2,175.8,223.7,5,10,6:31 AM,5:13 PM,6:47 AM,5:25 PM,New Moon,0
Bangladesh,Dhaka,23.72,90.41,Asia/Dhaka,1702580400,12/15/2023 1:00,17,62.5,Clear,6.3,10.1,352,N,1017,30.02,0,0,47,0,17,62.5,10,6,1,13,20.8,1295.1,34,25.7,3.2,203.6,230.1,5,10,6:32 AM,5:14 PM,7:51 AM,6:28 PM,Waxing Crescent,2
Bangladesh,Dhaka,23.72,90.41,Asia/Dhaka,1702667700,12/16/2023 1:15,18,64.5,Clear,6.3,10.1,317,NW,1014,29.95,0,0,63,0,18,64.5,10,6,1,12.3,19.8,1161.6,35.4,18.2,2.7,196.8,220.8,5,10,6:32 AM,5:14 PM,8:50 AM,7:36 PM,Waxing Crescent,5
Bangladesh,Dhaka,23.72,90.41,Asia/Dhaka,1702753200,12/17/2023 1:00,18.4,65.1,Clear,5.8,9.4,345,NNW,1015,29.98,0,0,56,0,18.4,65.1,10,6,1,11.7,18.8,1281.7,24.7,21.8,2.8,215.8,244.2,5,10,6:33 AM,5:14 PM,9:44 AM,8:43 PM,Waxing Crescent,12
Bangladesh,Dhaka,23.72,90.41,Asia/Dhaka,1702839600,12/18/2023 1:00,18.6,65.6,Clear,4.7,7.6,337,NNW,1016,30,0,0,54,0,18.7,65.6,10,6,1,9.6,15.4,1215,19.7,20.7,2.8,178.2,205.4,5,10,6:34 AM,5:15 PM,10:30 AM,9:49 PM,Waxing Crescent,20
Bangladesh,Dhaka,23.72,90.41,Asia/Dhaka,1702926000,12/19/2023 1:00,19,66.2,Clear,6,9.7,344,NNW,1016,30.02,0,0,68,2,19,66.2,10,6,1,11.5,18.5,1241.7,44.7,17.8,3.4,225.5,249.7,5,10,6:34 AM,5:15 PM,11:11 AM,10:52 PM,Waxing Crescent,30
Bangladesh,Dhaka,23.72,90.41,Asia/Dhaka,1703014200,12/20/2023 1:30,18.7,65.7,Clear,6,9.7,341,NNW,1015,29.99,0,0,62,0,18.7,65.7,10,6,1,11.7,18.8,1134.9,60.1,15.6,2.9,227.2,247.1,5,10,6:35 AM,5:16 PM,11:48 AM,11:53 PM,First Quarter,41
Bangladesh,Dhaka,23.72,90.41,Asia/Dhaka,1703097900,12/21/2023 0:45,19.2,66.6,Clear,4,6.5,335,NNW,1014,29.96,0,0,62,8,19.2,66.6,10,6,1,7.9,12.8,1201.6,26.8,22.6,2.2,170.1,193.6,5,10,6:35 AM,5:16 PM,12:23 PM,No moonset,Waxing Gibbous,53
Bangladesh,Dhaka,23.72,90.41,Asia/Dhaka,1703184300,12/22/2023 0:45,19.7,67.5,Clear,4.3,6.8,352,N,1014,29.96,0,0,57,3,19.7,67.5,10,6,1,8.6,13.9,1028.1,25.4,22.3,2.7,106.3,130.9,4,10,6:36 AM,5:17 PM,12:57 PM,12:52 AM,Waxing Gibbous,64
Bangladesh,Dhaka,23.72,90.41,Asia/Dhaka,1703269800,12/23/2023 0:30,19.8,67.6,Clear,2.2,3.6,79,E,1015,29.99,0,0,53,11,19.8,67.6,10,6,1,4.7,7.5,3471.4,0,72,9.7,228.9,302.6,5,10,6:36 AM,5:17 PM,1:34 PM,1:52 AM,Waxing Gibbous,74
Bangladesh,Dhaka,23.72,90.41,Asia/Dhaka,1703356200,12/24/2023 0:30,20.4,68.8,Clear,4.9,7.9,38,NE,1017,30.03,0,0,73,0,20.4,68.8,10,6,1,8.9,14.4,2323.2,0,30.2,4.9,160.4,212.5,5,10,6:37 AM,5:18 PM,2:12 PM,2:52 AM,Waxing Gibbous,83
Bangladesh,Dhaka,23.72,90.41,Asia/Dhaka,1703443500,12/25/2023 0:45,19.7,67.5,Clear,3.8,6.1,38,NE,1017,30.04,0,0,64,0,19.7,67.5,10,6,1,7.3,11.8,2323.2,0.1,67.2,4.7,210.8,261.2,5,10,6:37 AM,5:18 PM,2:55 PM,3:53 AM,Waxing Gibbous,90
Bangladesh,Dhaka,23.72,90.41,Asia/Dhaka,1703529000,12/26/2023 0:30,20.2,68.4,Clear,3.6,5.8,12,NNE,1016,30,0,0,60,0,20.2,68.4,10,6,1,7.2,11.6,2189.6,0.1,56.9,14.9,141.3,201,4,10,6:38 AM,5:19 PM,3:43 PM,4:55 AM,Waxing Gibbous,96
Bangladesh,Dhaka,23.72,90.41,Asia/Dhaka,1703617200,12/27/2023 1:00,20.1,68.1,Clear,5.4,8.6,12,NNE,1017,30.03,0,0,63,0,20.1,68.1,10,6,1,10.3,16.5,2269.8,0,42.2,5.4,129.4,190,4,10,6:38 AM,5:19 PM,4:35 PM,5:56 AM,Full Moon,99
Bangladesh,Dhaka,23.72,90.41,Asia/Dhaka,1703701800,12/28/2023 0:30,20.7,69.3,Clear,4.3,6.8,344,NNW,1016,30,0,0,55,0,20.7,69.3,10,6,1,8.6,13.9,1281.7,3.3,30.2,2.8,94.3,132.1,4,10,6:39 AM,5:20 PM,5:31 PM,6:54 AM,Full Moon,100
Bangladesh,Dhaka,23.72,90.41,Asia/Dhaka,1703788200,12/29/2023 0:30,20.2,68.4,Clear,4.5,7.2,352,N,1016,30.01,0,0,58,0,20.2,68.4,10,6,1,8.9,14.3,1108.2,6.3,26.7,2.7,83.9,113.5,4,10,6:39 AM,5:20 PM,6:29 PM,7:47 AM,Waning Gibbous,99
Bangladesh,Dhaka,23.72,90.41,Asia/Dhaka,1703873700,12/30/2023 0:15,20.4,68.7,Clear,4.7,7.6,342,NNW,1015,29.98,0,0,63,1,20.4,68.7,10,6,1,9,14.5,1228.3,0.7,25.7,2.2,83.9,119.4,4,10,6:39 AM,5:21 PM,7:26 PM,8:33 AM,Waning Gibbous,96
Bangladesh,Dhaka,23.72,90.41,Asia/Dhaka,1703960100,12/31/2023 0:15,20.2,68.4,Clear,5.1,8.3,348,NNW,1014,29.96,0,0,57,0,20.2,68.4,10,6,1,10.3,16.6,907.9,12.7,24.3,1.9,63.3,83.1,3,8,6:40 AM,5:22 PM,8:21 PM,9:14 AM,Waning Gibbous,91
Bangladesh,Dhaka,23.72,90.41,Asia/Dhaka,1704047400,1/1/2024 0:30,19.6,67.2,Clear,4.5,7.2,335,NNW,1014,29.95,0,0,55,0,19.6,67.2,10,6,1,9.2,14.8,1081.5,2.6,26.1,2.4,74.5,105.2,4,10,6:40 AM,5:22 PM,9:14 PM,9:50 AM,Waning Gibbous,85
Bangladesh,Dhaka,23.72,90.41,Asia/Dhaka,1704133800,1/2/2024 0:30,19.7,67.4,Clear,5.4,8.6,330,NNW,1014,29.95,0,0,52,0,19.7,67.4,10,6,1,11.2,18,1201.6,30.8,21.6,3.6,168.8,195.6,5,10,6:40 AM,5:23 PM,10:05 PM,10:22 AM,Waning Gibbous,78
Bangladesh,Dhaka,23.72,90.41,Asia/Dhaka,1704221100,1/3/2024 0:45,19.2,66.5,Clear,4.7,7.6,346,NNW,1014,29.94,0,0,43,0,19.2,66.5,10,6,1,9.9,15.9,1335.1,27.2,25.7,4.2,219.3,249.8,5,10,6:41 AM,5:24 PM,10:55 PM,10:52 AM,Waning Gibbous,70
Bangladesh,Dhaka,23.72,90.41,Asia/Dhaka,1704305700,1/4/2024 0:15,18,64.5,Clear,5.4,8.6,325,NW,1015,29.96,0,0,51,0,18,64.5,10,6,1,11.3,18.1,1522.1,1.1,27.8,2.6,163.7,204.1,5,10,6:41 AM,5:24 PM,11:44 PM,11:21 AM,Waning Gibbous,61
Bangladesh,Dhaka,23.72,90.41,Asia/Dhaka,1704392100,1/5/2024 0:15,18.2,64.7,Clear,4.7,7.6,336,NNW,1015,29.97,0,0,43,0,18.2,64.7,10,6,1,9.9,15.9,1522.1,1.6,30.9,3.7,167.9,214.5,5,10,6:41 AM,5:25 PM,No moonrise,11:49 AM,Last Quarter,51
Bangladesh,Dhaka,23.72,90.41,Asia/Dhaka,1704478500,1/6/2024 0:15,17.9,64.2,Clear,5.6,9,2,N,1016,30,0,0,44,0,17.9,64.2,10,6,1,11.7,18.9,1094.8,18.1,28.5,1.9,103.1,125.7,4,10,6:42 AM,5:26 PM,12:35 AM,12:19 PM,Waning Crescent,42
Bangladesh,Dhaka,23.72,90.41,Asia/Dhaka,1704564000,1/7/2024 0:00,18.7,65.6,Clear,4.7,7.6,347,NNW,1016,30.01,0,0,48,4,18.7,65.6,10,6,1,9.9,15.9,907.9,21.8,21.9,1.8,84,103.4,4,10,6:42 AM,5:26 PM,1:28 AM,12:53 PM,Waning Crescent,32
Bangladesh,Dhaka,23.72,90.41,Asia/Dhaka,1704649500,1/7/2024 23:45,19.9,67.9,Clear,5.4,8.6,332,NNW,1016,30,0,0,41,2,19.9,67.9,10,6,1,11.3,18.1,1602.2,4.3,33.9,3.8,162.5,198.4,5,10,6:42 AM,5:27 PM,2:23 AM,1:31 PM,Waning Crescent,23
Bangladesh,Dhaka,23.72,90.41,Asia/Dhaka,1704742200,1/9/2024 1:30,19,66.1,Clear,5.8,9.4,329,NNW,1016,30,0,0,57,0,19,66.1,10,6,1,12.2,19.7,1588.8,0.9,29.1,2.7,178.9,214.4,5,10,6:42 AM,5:28 PM,3:24 AM,2:15 PM,Waning Crescent,15
Bangladesh,Dhaka,23.72,90.41,Asia/Dhaka,1704824100,1/10/2024 0:15,17.7,63.8,Clear,4.9,7.9,319,NW,1015,29.97,0,0,47,0,17.7,63.8,10,6,1,10.3,16.6,1615.5,9,29.8,3.4,205.3,252.1,5,10,6:42 AM,5:28 PM,4:27 AM,3:08 PM,Waning Crescent,8
Bangladesh,Dhaka,23.72,90.41,Asia/Dhaka,1704911400,1/11/2024 0:30,18.2,64.7,Clear,4.7,7.6,334,NNW,1015,29.96,0,0,49,1,18.2,64.7,10,6,1,9.9,15.9,2162.9,1.1,53.5,14.1,277.7,347,6,10,6:42 AM,5:29 PM,5:32 AM,4:08 PM,Waning Crescent,3
Bangladesh,Dhaka,23.72,90.41,Asia/Dhaka,1704996000,1/12/2024 0:00,16.7,62.1,Clear,4.9,7.9,323,NW,1015,29.96,0,0,43,0,16.7,62.1,10,6,1,10.3,16.6,1121.5,44.7,20.9,3.6,167.1,190.1,5,10,6:42 AM,5:30 PM,6:34 AM,5:16 PM,New Moon,1
Bangladesh,Dhaka,23.72,90.41,Asia/Dhaka,1705083300,1/13/2024 0:15,16.4,61.6,Clear,5.6,9,342,NNW,1014,29.94,0,0,59,0,16.4,61.6,10,6,1,11.7,18.8,1174.9,61.5,16.3,3.5,243.8,264.4,5,10,6:43 AM,5:30 PM,7:32 AM,6:25 PM,Waxing Crescent,1
Bangladesh,Dhaka,23.72,90.41,Asia/Dhaka,1705169700,1/14/2024 0:15,17.5,63.6,Clear,5.4,8.6,323,NW,1014,29.93,0,0,52,0,17.5,63.6,10,6,1,11.3,18.1,1575.5,16.6,24.3,2.2,306.3,335.8,6,10,6:43 AM,5:31 PM,8:22 AM,7:35 PM,Waxing Crescent,3
Bangladesh,Dhaka,23.72,90.41,Asia/Dhaka,1705257000,1/15/2024 0:30,16.8,62.2,Clear,4.3,6.8,338,NNW,1014,29.94,0,0,48,0,16.8,62.2,10,6,1,8.9,14.4,1602.2,28.3,26.4,3,280.5,318.4,6,10,6:43 AM,5:32 PM,9:07 AM,8:41 PM,Waxing Crescent,9
Bangladesh,Dhaka,23.72,90.41,Asia/Dhaka,1705342500,1/16/2024 0:15,15.5,59.9,Clear,3.4,5.4,304,NW,1014,29.94,0,0,50,0,15.5,59.9,10,6,1,7,11.3,1735.7,9.1,35.6,3.6,217.9,271.1,5,10,6:43 AM,5:33 PM,9:47 AM,9:45 PM,Waxing Crescent,17
Bangladesh,Dhaka,23.72,90.41,Asia/Dhaka,1705428900,1/17/2024 0:15,15.1,59.1,Clear,2.2,3.6,23,NNE,1014,29.95,0,0,60,0,15.1,59.1,10,6,1,3.8,6,3471.4,0.2,69.9,8.9,310.3,374.8,6,10,6:43 AM,5:33 PM,10:23 AM,10:46 PM,Waxing Crescent,26
Bangladesh,Dhaka,23.72,90.41,Asia/Dhaka,1705513500,1/17/2024 23:45,17.2,62.9,Clear,3.6,5.8,351,N,1015,29.98,0,0,46,0,17.2,62.9,10,6,1,7.5,12.1,3257.8,7.8,90.5,25.5,398,449.6,6,10,6:43 AM,5:34 PM,10:59 AM,11:47 PM,Waxing Crescent,37
Bangladesh,Dhaka,23.72,90.41,Asia/Dhaka,1705600800,1/19/2024 0:00,18.5,65.4,Patchy rain possible,3.8,6.1,6,N,1015,29.98,0.03,0,51,75,18.5,65.4,10,6,1,7,11.3,5447.4,0,89.1,7.8,474.6,567.9,6,10,6:43 AM,5:35 PM,11:35 AM,No moonset,First Quarter,48
Bangladesh,Dhaka,23.72,90.41,Asia/Dhaka,1705688100,1/20/2024 0:15,17.1,62.8,Clear,5.6,9,336,NNW,1015,29.98,0,0,44,0,17.1,62.8,10,6,1,11.7,18.9,1388.6,2.3,29.1,2,143.3,173.8,4,10,6:42 AM,5:36 PM,12:12 PM,12:47 AM,Waxing Gibbous,59
Bangladesh,Dhaka,23.72,90.41,Asia/Dhaka,1705773600,1/21/2024 0:00,16.4,61.6,Clear,4.3,6.8,295,WNW,1015,29.99,0,0,52,0,16.4,61.6,10,6,1,8.9,14.4,1215,17,20.6,2,169.8,194.9,5,10,6:42 AM,5:36 PM,12:53 PM,1:48 AM,Waxing Gibbous,69
Bangladesh,Dhaka,23.72,90.41,Asia/Dhaka,1705858200,1/21/2024 23:30,17.7,63.9,Clear,4.7,7.6,343,NNW,1017,30.02,0,0,43,0,17.7,63.9,10,6,1,9.9,15.9,1976,13.2,48,10,234.3,277.4,5,10,6:42 AM,5:37 PM,1:39 PM,2:48 AM,Waxing Gibbous,79
Bangladesh,Dhaka,23.72,90.41,Asia/Dhaka,1705947300,1/23/2024 0:15,14.6,58.3,Clear,5.4,8.6,307,NW,1017,30.03,0,0,38,0,14.3,57.8,10,6,1,11.3,18.1,1482,5.3,30.5,2.9,210.3,247.9,5,10,6:42 AM,5:38 PM,2:28 PM,3:49 AM,Waxing Gibbous,86
Bangladesh,Dhaka,23.72,90.41,Asia/Dhaka,1706032800,1/24/2024 0:00,15.9,60.6,Clear,3.4,5.4,352,N,1016,30,0,0,44,0,15.9,60.6,10,6,1,7,11.3,1976,1.9,44.6,5.5,251.1,305.4,6,10,6:42 AM,5:38 PM,3:23 PM,4:47 AM,Waxing Gibbous,93
Bangladesh,Dhaka,23.72,90.41,Asia/Dhaka,1706118300,1/24/2024 23:45,18.9,66.1,Partly cloudy,5.4,8.6,211,SSW,1017,30.03,0,0,37,46,18.9,66.1,10,6,1,10.9,17.6,3257.8,0,41.8,10,381.3,459.4,6,10,6:42 AM,5:39 PM,4:20 PM,5:41 AM,Waxing Gibbous,97
Bangladesh,Dhaka,23.72,90.41,Asia/Dhaka,1706202900,1/25/2024 23:15,18.2,64.7,Clear,5.8,9.4,355,N,1019,30.09,0,0,41,21,18.2,64.7,10,6,1,12.2,19.7,2029.4,1.7,42.2,5.1,303,350.9,6,10,6:41 AM,5:40 PM,5:17 PM,6:29 AM,Full Moon,99
Bangladesh,Dhaka,23.72,90.41,Asia/Dhaka,1706292000,1/27/2024 0:00,16.5,61.7,Clear ,5.8,9.4,322,NW,1019,30.08,0,0,39,0,16.5,61.7,10,6,1,12.2,19.7,1602.2,2.1,28.8,3,231.3,280.1,5,10,6:41 AM,5:41 PM,6:13 PM,7:11 AM,Waning Gibbous,100
Bangladesh,Dhaka,23.72,90.41,Asia/Dhaka,1706377500,1/27/2024 23:45,16.9,62.4,Clear ,6,9.7,320,NW,1018,30.08,0,0,35,0,16.9,62.4,10,6,1,12.7,20.4,1895.9,9.1,38.7,5.3,295.2,342.1,6,10,6:41 AM,5:41 PM,7:07 PM,7:49 AM,Waning Gibbous,98
Bangladesh,Dhaka,23.72,90.41,Asia/Dhaka,1706465700,1/29/2024 0:15,16.2,61.1,Clear ,4.5,7.2,326,NNW,1017,30.03,0,0,34,8,16.2,61.1,10,6,1,9.4,15.1,1268.4,3,30.5,3.6,162.4,196,5,10,6:41 AM,5:42 PM,7:58 PM,8:22 AM,Waning Gibbous,95
Bangladesh,Dhaka,23.72,90.41,Asia/Dhaka,1706550300,1/29/2024 23:45,17.9,64.3,Clear ,2.2,3.6,346,NNW,1017,30.03,0,0,31,0,17.9,64.3,10,6,1,4.2,6.8,3097.5,0.2,62.4,12.3,325.8,396.3,6,10,6:40 AM,5:43 PM,8:48 PM,8:52 AM,Waning Gibbous,91
Bangladesh,Dhaka,23.72,90.41,Asia/Dhaka,1706636700,1/30/2024 23:45,19.5,67.1,Clear ,4,6.5,112,ESE,1017,30.03,0,0,36,13,19.5,67.1,10,6,1,8.5,13.6,3070.8,0.7,72,13.5,372.6,428.9,6,10,6:40 AM,5:43 PM,9:38 PM,9:21 AM,Waning Gibbous,84
Bangladesh,Dhaka,23.72,90.41,Asia/Dhaka,1706722200,1/31/2024 23:30,21.1,70,Patchy rain nearby,6.9,11.2,185,S,1016,30,0.17,0.01,55,76,21.1,70,9,5,1,12.9,20.8,3578.2,0,71.3,12.3,399.7,453.3,6,10,6:40 AM,5:44 PM,10:27 PM,9:50 AM,Waning Gibbous,77
Bangladesh,Dhaka,23.72,90.41,Asia/Dhaka,1706809500,2/1/2024 23:45,21.1,69.9,Patchy rain nearby,7.2,11.5,205,SSW,1015,29.99,0.03,0,67,85,21.1,69.9,10,6,1,12.5,20.1,2002.7,7.1,44.6,8.7,131.4,156.4,4,10,6:39 AM,5:45 PM,11:18 PM,10:19 AM,Waning Gibbous,69
Bangladesh,Dhaka,23.72,90.41,Asia/Dhaka,1706895900,2/2/2024 23:45,21.1,70,Cloudy ,2.9,4.7,219,SW,1015,29.98,0,0,54,77,21.1,70,10,6,1,5.8,9.3,3017.4,0,35.6,7.2,165.2,211.2,5,10,6:39 AM,5:45 PM,No moonrise,10:50 AM,Last Quarter,59
Bangladesh,Dhaka,23.72,90.41,Asia/Dhaka,1706982300,2/3/2024 23:45,18.9,66,Clear ,4.5,7.2,338,NNW,1017,30.02,0,0,30,0,18.9,66,10,6,1,9.4,15.1,2056.1,1.5,40.1,6.3,150,211.5,4,10,6:38 AM,5:46 PM,12:11 AM,11:25 AM,Waning Crescent,50
Bangladesh,Dhaka,23.72,90.41,Asia/Dhaka,1707066900,2/4/2024 23:15,20.6,69.1,Partly Cloudy ,4.7,7.6,195,SSW,1017,30.03,0,0,31,28,20.6,69.2,10,6,1,9.9,15.9,3017.4,0,63.8,18.6,214.6,283.3,5,10,6:38 AM,5:47 PM,1:08 AM,12:05 PM,Waning Crescent,40
Bangladesh,Dhaka,23.72,90.41,Asia/Dhaka,1707156000,2/6/2024 0:00,18,64.3,Partly Cloudy ,2.5,4,345,NNW,1016,30.01,0,0,70,27,18,64.3,10,6,1,4.6,7.4,2296.5,0.3,35.6,5,231.4,293.2,5,10,6:37 AM,5:47 PM,2:09 AM,12:52 PM,Waning Crescent,30
Bangladesh,Dhaka,23.72,90.41,Asia/Dhaka,1707241500,2/6/2024 23:45,21.2,70.1,Clear ,2.2,3.6,162,SSE,1016,29.99,0,0,65,11,21.2,70.1,10,6,1,4.5,7.3,3524.8,0,47.3,10,319.9,404.8,6,10,6:37 AM,5:48 PM,3:12 AM,1:48 PM,Waning Crescent,20
Bangladesh,Dhaka,23.72,90.41,Asia/Dhaka,1707327000,2/7/2024 23:30,19.1,66.4,Clear ,4.7,7.6,318,NW,1016,29.99,0,0,33,3,19.1,66.4,10,6,1,9.9,15.9,2483.4,5.1,59.6,11.3,191,264.1,5,10,6:36 AM,5:49 PM,4:14 AM,2:51 PM,Waning Crescent,12
Bangladesh,Dhaka,23.72,90.41,Asia/Dhaka,1707413400,2/8/2024 23:30,17.9,64.2,Clear ,6.5,10.4,11,NNE,1016,30,0,0,32,1,17.9,64.2,10,6,1,13.6,21.9,4112.2,0,70.6,16,276,364.7,6,10,6:36 AM,5:49 PM,5:14 AM,4:00 PM,Waning Crescent,6
Bangladesh,Dhaka,23.72,90.41,Asia/Dhaka,1707499800,2/9/2024 23:30,18.2,64.7,Clear ,6.5,10.4,298,WNW,1018,30.05,0,0,35,0,18.2,64.7,10,6,1,13.6,21.9,1588.8,66.5,32.9,6.7,207.1,248,5,10,6:35 AM,5:50 PM,6:08 AM,5:11 PM,New Moon,2
Bangladesh,Dhaka,23.72,90.41,Asia/Dhaka,1707587100,2/10/2024 23:45,19.4,67,Clear ,6.5,10.4,289,WNW,1018,30.06,0,0,42,0,19.5,67,10,6,1,13.6,21.9,1789.1,13.1,37.4,4.8,209.9,254.6,5,10,6:35 AM,5:51 PM,6:56 AM,6:20 PM,Waxing Crescent,0
Bangladesh,Dhaka,23.72,90.41,Asia/Dhaka,1707673500,2/11/2024 23:45,20.6,69.1,Clear ,5.1,8.3,301,WNW,1018,30.07,0,0,36,3,20.6,69,10,6,1,10.8,17.4,1842.5,16.3,38.4,5,200.7,245.9,5,10,6:34 AM,5:51 PM,7:39 AM,7:27 PM,Waxing Crescent,2
Bangladesh,Dhaka,23.72,90.41,Asia/Dhaka,1707759900,2/12/2024 23:45,21.4,70.6,Clear ,3.8,6.1,349,N,1019,30.08,0,0,32,3,21.4,70.6,10,6,1,8,12.9,4005.4,0,79.5,16.7,322.6,409.4,6,10,6:34 AM,5:52 PM,8:18 AM,8:32 PM,Waxing Crescent,6
Bangladesh,Dhaka,23.72,90.41,Asia/Dhaka,1707845400,2/13/2024 23:30,22.4,72.3,Clear ,3.4,5.4,88,E,1017,30.03,0,0,34,5,23.7,74.7,10,6,1,7,11.3,3231.1,0,57.6,14.5,212.1,297.3,5,10,6:33 AM,5:52 PM,8:55 AM,9:35 PM,Waxing Crescent,13
Bangladesh,Dhaka,23.72,90.41,Asia/Dhaka,1707931800,2/14/2024 23:30,21.2,70.2,Clear ,7.6,12.2,4,N,1016,30.01,0,0,39,11,21.2,70.2,10,6,1,15.5,25,1548.8,35.4,35.6,5,148.6,178.6,4,10,6:32 AM,5:53 PM,9:33 AM,10:37 PM,Waxing Crescent,22
Bangladesh,Dhaka,23.72,90.41,Asia/Dhaka,1708019100,2/15/2024 23:45,23.2,73.7,Clear ,4.7,7.6,1,N,1016,30.01,0,0,53,14,24.9,76.8,10,6,1,9.9,15.9,2563.5,0,41.5,6.4,152.2,202.1,5,10,6:32 AM,5:54 PM,10:10 AM,11:40 PM,Waxing Crescent,32
Bangladesh,Dhaka,23.72,90.41,Asia/Dhaka,1708104600,2/16/2024 23:30,22.2,72,Clear ,7.4,11.9,301,WNW,1015,29.97,0,0,36,4,23.9,74.9,10,6,1,15.5,24.9,1442,41.5,30.2,5,98.9,130.6,4,10,6:31 AM,5:54 PM,10:51 AM,No moonset,First Quarter,43
Bangladesh,Dhaka,23.72,90.41,Asia/Dhaka,1708191000,2/17/2024 23:30,21.2,70.2,Clear ,2.2,3.6,11,NNE,1013,29.92,0,0,35,2,21.3,70.3,10,6,1,6.7,10.8,1922.6,17.2,46.6,8.6,195.5,247.1,5,10,6:30 AM,5:55 PM,11:36 AM,12:42 AM,Waxing Gibbous,54
Bangladesh,Dhaka,23.72,90.41,Asia/Dhaka,1708276500,2/18/2024 23:15,21.1,70,Clear ,4.3,6.8,187,S,1014,29.94,0,0,34,3,21.1,70,10,6,1,8.9,14.4,2964,0.6,111,28.6,238.5,296.1,5,10,6:30 AM,5:55 PM,12:25 PM,1:44 AM,Waxing Gibbous,64
Bangladesh,Dhaka,23.72,90.41,Asia/Dhaka,1708363800,2/19/2024 23:30,22,71.7,Clear ,7.2,11.5,153,SSE,1012,29.88,0,0,38,0,23.9,75.1,10,6,1,15,24.2,5180.4,0.1,120.6,27.9,378.9,460.3,6,10,6:29 AM,5:56 PM,1:18 PM,2:43 AM,Waxing Gibbous,74
Bangladesh,Dhaka,23.72,90.41,Asia/Dhaka,1708449300,2/20/2024 23:15,23.1,73.6,Clear ,10.1,16.2,188,S,1009,29.81,0,0,72,4,25.1,77.1,10,6,1,18,29,807.8,78,14.1,6.2,85.3,100.3,4,10,6:28 AM,5:56 PM,2:14 PM,3:38 AM,Waxing Gibbous,82
Bangladesh,Dhaka,23.72,90.41,Asia/Dhaka,1708535700,2/21/2024 23:15,23.8,74.8,Clear ,6.3,10.1,149,SSE,1010,29.83,0,0,75,19,25.6,78,10,6,1,10.5,16.9,2697,0,57.6,10.9,183.3,230.2,5,10,6:27 AM,5:57 PM,3:11 PM,4:27 AM,Waxing Gibbous,89
Bangladesh,Dhaka,23.72,90.41,Asia/Dhaka,1708621200,2/22/2024 23:00,22.3,72.2,Patchy rain nearby,2.2,3.6,184,S,1011,29.85,0.86,0.03,81,80,24.7,76.4,9,5,1,3.6,5.9,1602.2,13.6,47.3,20.5,120.5,145.9,4,10,6:27 AM,5:57 PM,4:07 PM,5:11 AM,Waxing Gibbous,94
Bangladesh,Dhaka,23.72,90.41,Asia/Dhaka,1708708500,2/23/2024 23:15,21.1,70,Clear ,4.7,7.6,129,SE,1013,29.92,0,0,61,11,21.1,70,10,6,1,9.9,15.9,3418,0,41.8,11.2,220,282.3,5,10,6:26 AM,5:58 PM,5:01 PM,5:49 AM,Waxing Gibbous,98
Bangladesh,Dhaka,23.72,90.41,Asia/Dhaka,1708795800,2/24/2024 23:30,22.6,72.7,Clear ,5.4,8.6,47,NE,1015,29.97,0,0,42,15,24.3,75.8,10,6,1,11.3,18.1,1922.6,7.4,54.8,7.8,141.3,176.5,4,10,6:25 AM,5:58 PM,5:53 PM,6:23 AM,Full Moon,100
Bangladesh,Dhaka,23.72,90.41,Asia/Dhaka,1708880400,2/25/2024 23:00,21.7,71,Clear ,3.4,5.4,73,ENE,1016,30,0,0,51,5,21.7,71,10,6,1,7,11.3,2857.2,0,69.2,11.6,177.3,234.8,5,10,6:24 AM,5:59 PM,6:44 PM,6:54 AM,Waning Gibbous,100
Bangladesh,Dhaka,23.72,90.41,Asia/Dhaka,1708967700,2/26/2024 23:15,22.3,72.1,Clear ,5.4,8.6,345,NNW,1015,29.97,0,0,32,3,23.6,74.4,10,6,1,11.3,18.1,1348.5,50.8,37.7,6.1,108.9,140.5,4,10,6:23 AM,5:59 PM,7:34 PM,7:24 AM,Waning Gibbous,98
Bangladesh,Dhaka,23.72,90.41,Asia/Dhaka,1709053200,2/27/2024 23:00,22,71.7,Clear ,2.2,3.6,331,NNW,1013,29.9,0,0,30,4,23.3,73.9,10,6,1,6.7,10.8,2082.8,1.4,49.4,8.6,156.6,212.9,5,10,6:23 AM,6:00 PM,8:22 PM,7:52 AM,Waning Gibbous,95
Bangladesh,Dhaka,23.72,90.41,Asia/Dhaka,1709140500,2/28/2024 23:15,23.7,74.6,Clear ,5.4,8.6,133,SE,1011,29.86,0,0,38,4,24.5,76.2,10,6,1,11.3,18.1,4272.5,0,86.4,19.3,308.4,383.9,6,10,6:22 AM,6:00 PM,9:13 PM,8:20 AM,Waning Gibbous,90
Bangladesh,Dhaka,23.72,90.41,Asia/Dhaka,1709225100,2/29/2024 22:45,23.6,74.4,Clear ,4.3,6.8,47,NE,1013,29.92,0,0,34,0,24.2,75.6,10,6,1,8.9,14.4,2162.9,2.9,52.1,12.4,154.8,217.1,5,10,6:21 AM,6:01 PM,10:05 PM,8:51 AM,Waning Gibbous,83
Bangladesh,Dhaka,23.72,90.41,Asia/Dhaka,1709312400,3/1/2024 23:00,22.4,72.4,Clear ,4,6.5,59,ENE,1013,29.9,0,0,31,0,23.5,74.3,10,6,1,8.5,13.6,1495.4,48.6,36.3,8.5,137.3,172.5,4,10,6:20 AM,6:01 PM,11:00 PM,9:24 AM,Waning Gibbous,75
Bangladesh,Dhaka,23.72,90.41,Asia/Dhaka,1709398800,3/2/2024 23:00,23,73.4,Clear ,2.7,4.3,87,E,1012,29.88,0,0,31,4,23.7,74.7,10,6,1,5.6,9.1,1949.3,6,49.4,9.1,143.4,183.7,4,10,6:19 AM,6:02 PM,11:57 PM,10:01 AM,Waning Gibbous,66
Bangladesh,Dhaka,23.72,90.41,Asia/Dhaka,1709485200,3/3/2024 23:00,25.3,77.5,Clear ,3.4,5.4,165,SSE,1011,29.85,0,0,33,5,25.1,77.2,10,6,1,7,11.3,3524.8,0.8,90.5,15.3,236.2,289.5,5,10,6:18 AM,6:02 PM,No moonrise,10:44 AM,Last Quarter,57
Bangladesh,Dhaka,23.72,90.41,Asia/Dhaka,1709571600,3/4/2024 23:00,26.5,79.6,Clear ,9.4,15.1,206,SSW,1012,29.87,0,0,45,11,26.8,80.2,10,6,1,16.4,26.4,974.7,75.1,19.5,6.4,61.4,81.8,3,8,6:17 AM,6:03 PM,12:57 AM,11:35 AM,Waning Crescent,46
Bangladesh,Dhaka,23.72,90.41,Asia/Dhaka,1709658000,3/5/2024 23:00,23.1,73.5,Clear ,2.7,4.3,7,N,1011,29.86,0,0,26,0,23.3,74,10,6,1,5.6,9.1,1388.6,39,35.3,6.9,83.2,119.8,4,10,6:16 AM,6:03 PM,1:58 AM,12:32 PM,Waning Crescent,36
Bangladesh,Dhaka,23.72,90.41,Asia/Dhaka,1709744400,3/6/2024 23:00,21.4,70.5,Clear ,2.2,3.6,90,E,1011,29.85,0,0,18,0,21.4,70.5,10,6,1,2.3,3.8,2002.7,17,52.1,9.9,136.3,192.5,4,10,6:16 AM,6:04 PM,2:58 AM,1:37 PM,Waning Crescent,26
Bangladesh,Dhaka,23.72,90.41,Asia/Dhaka,1709830800,3/7/2024 23:00,22.3,72.1,Clear ,3.6,5.8,67,ENE,1011,29.85,0,0,20,0,22.2,72,10,6,1,7.5,12.1,1922.6,6.9,48.7,11.7,130.6,189.4,4,10,6:15 AM,6:04 PM,3:53 AM,2:45 PM,Waning Crescent,16
Bangladesh,Dhaka,23.72,90.41,Asia/Dhaka,1709916300,3/8/2024 22:45,22.8,73.1,Clear ,3.1,5,350,N,1012,29.89,0,0,23,0,22.8,73.1,10,6,1,6.6,10.6,1482,61.5,34.6,12.2,122.3,160.2,4,10,6:14 AM,6:05 PM,4:43 AM,3:54 PM,Waning Crescent,8
Bangladesh,Dhaka,23.72,90.41,Asia/Dhaka,1710002700,3/9/2024 22:45,22.8,73,Clear ,4,6.5,40,NE,1012,29.89,0,0,21,0,22.6,72.8,10,6,1,8.5,13.6,1228.3,65.1,29.5,9.5,94.1,126.5,4,10,6:13 AM,6:05 PM,5:28 AM,5:03 PM,Waning Crescent,3
Bangladesh,Dhaka,23.72,90.41,Asia/Dhaka,1710089100,3/10/2024 22:45,22.6,72.8,Clear ,4.7,7.6,314,NW,1014,29.95,0,0,19,0,22.4,72.3,10,6,1,9.9,15.9,988,82.3,21.6,9.3,83.8,108,4,10,6:12 AM,6:05 PM,6:09 AM,6:09 PM,New Moon,0
Bangladesh,Dhaka,23.72,90.41,Asia/Dhaka,1710175500,3/11/2024 22:45,24.2,75.5,Clear ,3.4,5.4,160,SSE,1012,29.9,0,0,22,0,23.5,74.2,10,6,1,7,11.3,2056.1,23.3,52.8,12.2,126.6,182.9,4,10,6:11 AM,6:06 PM,6:47 AM,7:15 PM,Waxing Crescent,1
Bangladesh,Dhaka,23.72,90.41,Asia/Dhaka,1710261000,3/12/2024 22:30,24.9,76.8,Clear ,10.5,16.9,197,SSW,1011,29.85,0,0,70,5,26.5,79.7,10,6,1,18.8,30.3,2483.4,10.6,53.5,16.2,175.6,236.9,5,10,6:10 AM,6:06 PM,7:26 AM,8:19 PM,Waxing Crescent,4
Bangladesh,Dhaka,23.72,90.41,Asia/Dhaka,1710348300,3/13/2024 22:45,25.4,77.7,Clear ,10.1,16.2,179,S,1011,29.87,0,0,63,3,26.7,80.1,10,6,1,19.2,30.9,4005.4,1,97.3,30,226.4,287.7,5,10,6:09 AM,6:07 PM,8:04 AM,9:25 PM,Waxing Crescent,10
Bangladesh,Dhaka,23.72,90.41,Asia/Dhaka,1710433800,3/14/2024 22:30,25.5,77.9,Clear ,8.3,13.3,175,S,1011,29.87,0,0,70,12,27.2,80.9,10,6,1,14.6,23.5,1108.2,49.4,24.7,7.6,64.5,83.6,3,8,6:08 AM,6:07 PM,8:45 AM,10:29 PM,Waxing Crescent,18
Bangladesh,Dhaka,23.72,90.41,Asia/Dhaka,1710520200,3/15/2024 22:30,28.2,82.8,Clear ,6,9.7,221,SW,1013,29.91,0,0,53,21,29.3,84.7,10,6,1,10.3,16.6,3845.2,0.1,96,31,207.3,277,5,10,6:07 AM,6:07 PM,9:30 AM,11:34 PM,Waxing Crescent,28
Bangladesh,Dhaka,23.72,90.41,Asia/Dhaka,1710606600,3/16/2024 22:30,28.8,83.8,Clear ,4.5,7.2,196,SSW,1014,29.93,0,0,40,6,28.6,83.5,10,6,1,7.9,12.7,988,81.5,17.7,8.9,90.1,124.6,4,10,6:06 AM,6:08 PM,10:19 AM,No moonset,Waxing Crescent,38
Bangladesh,Dhaka,23.72,90.41,Asia/Dhaka,1710693900,3/17/2024 22:45,29.1,84.4,Partly Cloudy ,7.4,11.9,197,SSW,1011,29.87,0,0,36,26,28.6,83.6,10,6,1,13.9,22.3,1922.6,6.9,50.7,13.2,148.7,210.6,4,10,6:05 AM,6:08 PM,11:12 AM,12:36 AM,First Quarter,48
Bangladesh,Dhaka,23.72,90.41,Asia/Dhaka,1710779400,3/18/2024 22:30,28.5,83.3,Clear ,2.7,4.3,262,W,1011,29.86,0,0,25,6,27,80.5,10,6,1,5.6,9,1976,19,49.4,16.7,162.7,229,5,10,6:04 AM,6:09 PM,12:08 PM,1:33 AM,Waxing Gibbous,58
Bangladesh,Dhaka,23.72,90.41,Asia/Dhaka,1710864900,3/19/2024 22:15,26.2,79.2,Partly Cloudy ,4.5,7.2,202,SSW,1012,29.88,0,0,56,47,27.2,81,10,6,1,7.9,12.7,1188.3,66.5,26.4,9.5,111.6,149.1,4,10,6:03 AM,6:09 PM,1:05 PM,2:25 AM,Waxing Gibbous,68
Bangladesh,Dhaka,23.72,90.41,Asia/Dhaka,1710952200,3/20/2024 22:30,20.8,69.5,Clear ,6.3,10.1,22,NNE,1014,29.95,0,0,72,22,20.8,69.5,10,6,1,9.4,15.2,3257.8,0,63.1,12.4,197.9,242.5,5,10,6:02 AM,6:09 PM,2:02 PM,3:10 AM,Waxing Gibbous,77
Bangladesh,Dhaka,23.72,90.41,Asia/Dhaka,1711038600,3/21/2024 22:30,18.7,65.6,Partly Cloudy ,5.1,8.3,70,ENE,1015,29.96,0,0,83,56,18.7,65.6,10,6,1,7.3,11.7,1668.9,5.3,33.6,6.9,73.9,99.7,4,10,6:01 AM,6:10 PM,2:56 PM,3:50 AM,Waxing Gibbous,84
Bangladesh,Dhaka,23.72,90.41,Asia/Dhaka,1711124100,3/22/2024 22:15,23.2,73.7,Clear ,4,6.5,52,NE,1010,29.81,0,0,55,12,24.9,76.9,10,6,1,7.6,12.2,3418,0.3,71.3,11.8,172.4,225.8,5,10,6:00 AM,6:10 PM,3:49 PM,4:25 AM,Waxing Gibbous,91
Bangladesh,Dhaka,23.72,90.41,Asia/Dhaka,1711211400,3/23/2024 22:30,25.4,77.6,Clear ,13.6,22,163,SSE,1008,29.77,0,0,69,11,26.9,80.5,10,6,1,21,33.8,1695.6,45.8,30.9,6.4,113.5,143.6,4,10,5:59 AM,6:11 PM,4:40 PM,4:57 AM,Waxing Gibbous,95
Bangladesh,Dhaka,23.72,90.41,Asia/Dhaka,1711297800,3/24/2024 22:30,26.1,78.9,Clear ,8.7,14,134,SE,1012,29.88,0,0,73,3,28.1,82.5,10,6,1,14.2,22.8,1321.8,45.1,40.1,10.4,91.5,126.6,4,10,5:58 AM,6:11 PM,5:30 PM,5:27 AM,Waxing Gibbous,98
Bangladesh,Dhaka,23.72,90.41,Asia/Dhaka,1711383300,3/25/2024 22:15,27.8,82,Clear ,11.6,18.7,190,S,1010,29.83,0,0,55,13,28.9,83.9,10,6,1,18.6,30,3471.4,0,102.8,14.2,185.6,252.1,5,10,5:57 AM,6:11 PM,6:19 PM,5:55 AM,Full Moon,100
Bangladesh,Dhaka,23.72,90.41,Asia/Dhaka,1711468800,3/26/2024 22:00,24.7,76.4,Patchy rain nearby,10.3,16.6,147,SSE,1013,29.91,0.02,0,67,77,26.2,79.1,10,6,1,17.3,27.9,1442,32.5,48.7,14.9,84.4,102.9,4,10,5:56 AM,6:12 PM,7:09 PM,6:23 AM,Waning Gibbous,100
Bangladesh,Dhaka,23.72,90.41,Asia/Dhaka,1711555200,3/27/2024 22:00,27.4,81.4,Clear ,6.5,10.4,105,ESE,1012,29.89,0,0,59,5,28.8,83.8,10,6,1,10.3,16.6,2216.3,0.6,65.1,13.5,124.5,168.4,4,10,5:55 AM,6:12 PM,8:01 PM,6:53 AM,Waning Gibbous,97
Bangladesh,Dhaka,23.72,90.41,Asia/Dhaka,1711640700,3/28/2024 21:45,27.4,81.2,Clear ,9.6,15.5,136,SE,1010,29.84,0,0,66,16,29.4,84.9,10,6,1,14.6,23.5,2029.4,22.2,61.7,14.4,131.2,166.5,4,10,5:54 AM,6:13 PM,8:55 PM,7:26 AM,Waning Gibbous,93
Bangladesh,Dhaka,23.72,90.41,Asia/Dhaka,1711726200,3/29/2024 21:30,27.5,81.5,Clear ,9.2,14.8,164,SSE,1009,29.8,0,0,64,18,29.4,84.9,10,6,1,14.3,23,2937.3,0.1,84.3,14.3,133.2,171.6,4,10,5:53 AM,6:13 PM,9:51 PM,8:01 AM,Waning Gibbous,88
Bangladesh,Dhaka,23.72,90.41,Asia/Dhaka,1711813500,3/30/2024 21:45,28.5,83.4,Clear ,15.7,25.2,165,SSE,1010,29.81,0,0,70,12,31.9,89.4,10,6,1,21.7,34.9,1174.9,14.3,40.8,24.3,59.6,77.6,3,8,5:53 AM,6:13 PM,10:50 PM,8:42 AM,Waning Gibbous,80
Bangladesh,Dhaka,23.72,90.41,Asia/Dhaka,1711899900,3/31/2024 21:45,29.3,84.7,Clear ,13.2,21.2,192,SSW,1007,29.73,0,0,57,8,31.4,88.4,10,6,1,19.6,31.5,654.2,125.9,9.9,9.5,74.7,90.1,4,10,5:52 AM,6:14 PM,11:50 PM,9:29 AM,Waning Gibbous,72
Bangladesh,Dhaka,23.72,90.41,Asia/Dhaka,1711986300,4/1/2024 21:45,28.3,83,Clear ,12.5,20.2,157,SSE,1004,29.66,0,0,70,0,31.6,88.8,10,6,1,20.7,33.3,2643.6,29,65.8,16.7,139.4,192.7,4,10,5:51 AM,6:14 PM,No moonrise,10:23 AM,Waning Gibbous,62
Bangladesh,Dhaka,23.72,90.41,Asia/Dhaka,1712158200,4/3/2024 21:30,29.7,85.5,Clear,16.3,26.3,182,S,1006,29.7,0,0,62,2,32.9,91.3,10,6,1,23.8,38.3,3738.4,0.8,105.6,19.8,235.4,313.3,5,10,5:49 AM,6:15 PM,1:44 AM,12:27 PM,Waning Crescent,41
Bangladesh,Dhaka,23.72,90.41,Asia/Dhaka,1712244600,4/4/2024 21:30,30.4,86.7,Clear,15.2,24.5,183,S,1005,29.68,0,0,60,5,33.8,92.8,10,6,1,21.9,35.2,988,115.9,20.1,10.6,81.4,110.7,4,10,5:48 AM,6:15 PM,2:34 AM,1:34 PM,Waning Crescent,30
Bangladesh,Dhaka,23.72,90.41,Asia/Dhaka,1712330100,4/5/2024 21:15,29.7,85.4,Clear,12.8,20.5,164,SSE,1005,29.68,0,0,69,0,34.1,93.3,10,6,1,18.4,29.6,2136.2,53.6,60.3,15.3,117.4,160.8,4,10,5:47 AM,6:16 PM,3:19 AM,2:41 PM,Waning Crescent,20
Bangladesh,Dhaka,23.72,90.41,Asia/Dhaka,1712418300,4/6/2024 21:45,30.6,87.1,Clear,14.1,22.7,184,S,1005,29.69,0,0,63,2,34.9,94.9,10,6,1,21.3,34.3,3177.6,8,97.3,18.8,156.4,213.4,5,10,5:46 AM,6:16 PM,4:01 AM,3:47 PM,Waning Crescent,11
